category_id,category_parent_id,category_name,category_slug,category_description,sort_order,is_active
1,,Architecture,architecture,,0,TRUE
2,1,Architectural Drawing,architectural-drawing,,1,TRUE
3,1,Architectural Theory & History,architectural-theory-and-history,,2,TRUE
4,1,Commercial Architecture,commercial-architecture,,3,TRUE
5,1,General Architecture,general-architecture,,4,TRUE
6,1,Industrial Design & Interior Design,industrial-design-and-interior-design,,5,TRUE
7,1,Landscape Architecture,landscape-architecture,,6,TRUE
8,1,Modern & Contemporary Architecture,modern-and-contemporary-architecture,,7,TRUE
9,1,Residential Architecture,residential-architecture,,8,TRUE
10,1,Sustainable Architecture,sustainable-architecture,,9,TRUE
11,,"Art, Design & Photography",art-design-and-photography,,0,TRUE
12,11,"Art Theory, History & Techniques",art-theory-history-and-techniques,,1,TRUE
13,11,Artists & Movements,artists-and-movements,,2,TRUE
14,11,"Drawing, Painting & Sculpture",drawing-painting-and-sculpture,,3,TRUE
15,11,Fashion Design,fashion-design,,4,TRUE
16,11,"Graphic Design, Digital Art & Creative Tools",graphic-design-digital-art-and-creative-tools,,5,TRUE
17,11,Modern & Contemporary Art,modern-and-contemporary-art,,6,TRUE
18,11,Performing Arts,performing-arts,,7,TRUE
19,11,Photography,photography,,8,TRUE
20,11,Typography,typography,,9,TRUE
21,,Biography & Memoir,biography-and-memoir,,0,TRUE
22,21,Artists & Writers,artists-and-writers,,1,TRUE
23,21,Autobiographies,autobiographies,,2,TRUE
24,21,Business Leaders,business-leaders,,3,TRUE
25,21,Diaries & Letters,diaries-and-letters,,4,TRUE
26,21,Entertainers & Performers,entertainers-and-performers,,5,TRUE
27,21,Memoirs,memoirs,,6,TRUE
28,,Business & Economics,business-and-economics,,0,TRUE
29,28,Accounting,accounting,,1,TRUE
30,28,Business History,business-history,,2,TRUE
31,28,Business Strategy,business-strategy,,3,TRUE
32,28,E-Commerce,e-commerce,,4,TRUE
33,28,Economics,economics,,5,TRUE
34,28,Entrepreneurship & Small Business,entrepreneurship-and-small-business,,6,TRUE
35,28,Finance for Business,finance-for-business,,7,TRUE
36,28,General Business & Economics,general-business-and-economics,,8,TRUE
37,28,Human Resources,human-resources,,9,TRUE
38,28,International Business,international-business,,10,TRUE
39,28,Leadership & Management,leadership-and-management,,11,TRUE
40,28,Marketing,marketing,,12,TRUE
41,28,Sales & Advertising,sales-and-advertising,,13,TRUE
42,,"Cooking, Food & Beverages",cooking-food-and-beverages,,0,TRUE
43,42,Baking,baking,,1,TRUE
44,42,Cooking Basics,cooking-basics,,2,TRUE
45,42,Family Cooking,family-cooking,,3,TRUE
46,42,Food Theory & History,food-theory-and-history,,4,TRUE
47,42,General Cooking,general-cooking,,5,TRUE
48,42,Healthy Cooking,healthy-cooking,,6,TRUE
49,42,International Cuisine,international-cuisine,,7,TRUE
50,42,Regional Cooking,regional-cooking,,8,TRUE
51,42,Vegetarian & Vegan Cooking,vegetarian-and-vegan-cooking,,9,TRUE
52,,Fiction,fiction,,0,TRUE
53,52,Fantasy,fantasy,,1,TRUE
54,52,Historical Fiction,historical-fiction,,2,TRUE
55,52,Horror,horror,,3,TRUE
56,52,Humour,humour,,4,TRUE
57,52,Juvenile Fiction,juvenile-fiction,,5,TRUE
58,52,Literature,literature,,6,TRUE
59,52,Magic,magic,,7,TRUE
60,52,Mystery and detective stories,mystery-and-detective-stories,,8,TRUE
61,52,Plays,plays,,9,TRUE
62,52,Poetry,poetry,,10,TRUE
63,52,Romance,romance,,11,TRUE
64,52,Science Fiction,science-fiction,,12,TRUE
65,52,Short Stories,short-stories,,13,TRUE
66,52,Thriller,thriller,,14,TRUE
67,52,Young Adult,young-adult,,15,TRUE
68,,Finance,finance,,0,TRUE
69,68,Financial Planning,financial-planning,,1,TRUE
70,68,General Finance,general-finance,,2,TRUE
71,68,"Investing, Stocks & Shares",investing-stocks-and-shares,,3,TRUE
72,68,Wealth Building,wealth-building,,4,TRUE
73,,"Health, Wellness, Self-Help & Psychology",health-wellness-self-help-and-psychology,,0,TRUE
74,73,"ADHD, Autism & Neurodiversity",adhd-autism-and-neurodiversity,,1,TRUE
75,73,Child's Health & Psychology,childs-health-and-psychology,,2,TRUE
76,73,Communication Skills & Decision Making Skills,communication-skills-and-decision-making-skills,,3,TRUE
77,73,"Depression, Anxiety, Trauma & Mental Health",depression-anxiety-trauma-and-mental-health,,4,TRUE
78,73,General Health & Psychology,general-health-and-psychology,,5,TRUE
79,73,Healthy Living,healthy-living,,6,TRUE
80,73,Human Personality & Behavior,human-personality-and-behavior,,7,TRUE
81,73,Nutrition,nutrition,,8,TRUE
82,73,"Personal Growth, Motivation & Inspiration",personal-growth-motivation-and-inspiration,,9,TRUE
83,73,Relationships & Attachment,relationships-and-attachment,,10,TRUE
84,73,Time Management & Productivity,time-management-and-productivity,,11,TRUE
85,,History,history,,0,TRUE
86,85,"Ancient, Medieval & Prehistory",ancient-medieval-and-prehistory,,1,TRUE
87,85,Archaeology & Ancient Civilizations,archaeology-and-ancient-civilizations,,2,TRUE
88,85,Cultural History,cultural-history,,3,TRUE
89,85,Economic History,economic-history,,4,TRUE
90,85,General History,general-history,,5,TRUE
91,85,Historical Events,historical-events,,6,TRUE
92,85,Modern History,modern-history,,7,TRUE
93,85,"National, Military & Political History",national-military-and-political-history,,8,TRUE
94,85,Regional History,regional-history,,9,TRUE
95,85,"World, Social & Cultural History",world-social-and-cultural-history,,10,TRUE
96,,Medicine,medicine,,0,TRUE
97,96,Anatomy,anatomy,,1,TRUE
98,96,Cardiology,cardiology,,2,TRUE
99,96,General Medicine,general-medicine,,3,TRUE
100,96,Oncology,oncology,,4,TRUE
101,96,Pediatrics,pediatrics,,5,TRUE
102,96,Physiology,physiology,,6,TRUE
103,96,Rehabilitation,rehabilitation,,7,TRUE
104,96,Women's Medicine,womens-medicine,,8,TRUE
105,,Music,music,,0,TRUE
106,105,Electronic Music,electronic-music,,1,TRUE
107,105,Folk & Traditional Music,folk-and-traditional-music,,2,TRUE
108,105,General Music,general-music,,3,TRUE
109,105,Hip-Hop & Rap,hip-hop-and-rap,,4,TRUE
110,105,"Music Guides, Theory & History",music-guides-theory-and-history,,5,TRUE
111,105,Musical Instruments,musical-instruments,,6,TRUE
112,105,Musicians & Composers,musicians-and-composers,,7,TRUE
113,105,Opera,opera,,8,TRUE
114,105,Rock,rock,,9,TRUE
115,105,Songwriting,songwriting,,10,TRUE
116,,"Politics, Philosophy & Society",politics-philosophy-and-society,,0,TRUE
117,116,Ancient & Medieval Philosophy,ancient-and-medieval-philosophy,,1,TRUE
118,116,"Anthropology, Society & Culture",anthropology-society-and-culture,,2,TRUE
119,116,Ethics & Moral Philosophy,ethics-and-moral-philosophy,,3,TRUE
120,116,Gender & Society,gender-and-society,,4,TRUE
121,116,"General Politics, Philosophy & Society",general-politics-philosophy-and-society,,5,TRUE
122,116,Government & Political Systems,government-and-political-systems,,6,TRUE
123,116,International Relations,international-relations,,7,TRUE
124,116,Modern Philosophy,modern-philosophy,,8,TRUE
125,116,Philosophy of Life,philosophy-of-life,,9,TRUE
126,116,Philosophy of Science,philosophy-of-science,,10,TRUE
127,116,Political Philosophy,political-philosophy,,11,TRUE
128,116,Public Administration,public-administration,,12,TRUE
129,116,Race & Ethnicity,race-and-ethnicity,,13,TRUE
130,116,Western Philosophy,western-philosophy,,14,TRUE
131,,Science & Mathematics,science-and-mathematics,,0,TRUE
132,131,"Astronomy, Meteorology & Space",astronomy-meteorology-and-space,,1,TRUE
133,131,Biology,biology,,2,TRUE
134,131,Chemistry,chemistry,,3,TRUE
135,131,Earth Science,earth-science,,4,TRUE
136,131,General Science & Mathematics,general-science-and-mathematics,,5,TRUE
137,131,Geology,geology,,6,TRUE
138,131,History of Science,history-of-science,,7,TRUE
139,131,Materials Science,materials-science,,8,TRUE
140,131,Mathematics,mathematics,,9,TRUE
141,131,Nature & Environment,nature-and-environment,,10,TRUE
142,131,Physics,physics,,11,TRUE
143,,Technology & Computing,technology-and-computing,,0,TRUE
144,143,Artificial Intelligence,artificial-intelligence,,1,TRUE
145,143,Computers & Computing,computers-and-computing,,2,TRUE
146,143,Cybersecurity,cybersecurity,,3,TRUE
147,143,Data Science,data-science,,4,TRUE
148,143,Databases,databases,,5,TRUE
149,143,Electronics,electronics,,6,TRUE
150,143,General Technology & Computing,general-technology-and-computing,,7,TRUE
151,143,Internet & Web,internet-and-web,,8,TRUE
152,143,Machine Learning,machine-learning,,9,TRUE
153,143,Programming,programming,,10,TRUE
154,143,Software,software,,11,TRUE
155,143,Technology & Society,technology-and-society,,12,TRUE
156,,True Crime,true-crime,,0,TRUE
157,156,Criminal Profiles,criminal-profiles,,1,TRUE
158,156,Cybercrime,cybercrime,,2,TRUE
159,156,Famous Cases,famous-cases,,3,TRUE
160,156,Forensics,forensics,,4,TRUE
161,156,Fraud & Scams,fraud-and-scams,,5,TRUE
162,156,Historical Crimes,historical-crimes,,6,TRUE
163,156,Murder,murder,,7,TRUE
164,156,Organized Crime,organized-crime,,8,TRUE
165,156,Serial Killers,serial-killers,,9,TRUE
